{
  "run_id": "20260412_132214",
  "dataset": "omim-ordo",
  "mode": "debug",
  "population_size": 5,
  "max_generations": 1,
  "psa_config": {
    "k": 0.7,
    "depth": 3,
    "thresh": 1.0,
    "psa_size": 348
  },
  "final_precision": 0.046676340519624104,
  "final_recall": 0.3630744423542059,
  "final_f1": 0.08271850604622685,
  "best_fitness": 0.1950197695471902,
  "best_models": [
    "biolinkbert",
    "distilbert",
    "bioelectra",
    "biolinkbert",
    "distilbert",
    "tinybert",
    "tinybert",
    "pubmedbert"
  ],
  "generation_logs": [
    {
      "gen": 1,
      "best": 0.1950197695471902,
      "gen_best": 0.1950197695471902,
      "mean": 0.15212728239684514,
      "std": 0.07345880226967404,
      "time": 52.61167138500059,
      "stage_times": {
        "elite": 7.881000010456773e-05,
        "tournament+crossover": 26.18676804100005,
        "mutation": 2.3117000182537595e-05,
        "evaluate_new": 26.42332569700011,
        "merge+update": 0.0014757200001440651
      }
    }
  ]
}